date,field,oil_bbl,gas_mscf,water_cut_pct,reservoir_pressure_psi,reservoir_temperature_c,well_depth_m
2023-06-01,Cupiagua,33833.72044279521,24497.292062542172,11.322072982170566,4782.020164262687,97.52740679138427,2409.427387397562
2023-06-02,Rubiales,111126.68688940967,85636.22081178469,24.39310481262972,4917.761238859006,86.20332306802226,2915.171502879186
2023-06-03,Chichimene,40270.50359490677,33146.96665324094,29.49483932106675,3210.299743410734,94.42818686512217,3144.9479864632663
2023-06-04,Rubiales,113563.43483731056,73180.73066517552,10.877079865258816,4680.4482781428405,100.2635757689038,2668.2479360865095
2023-06-05,Cupiagua,34411.34739399452,28705.821502193216,24.338491109983377,3365.0459957389185,95.95169795385367,3069.4155528594533
2023-06-06,Cusiana,40354.573001423545,37939.06552100414,30.367209691186954,4752.897957120934,89.4348778069733,2860.0061892573235
2023-06-07,Chichimene,52844.29838150027,41190.80211536926,25.977165000149462,3025.2718581035383,88.99918823280849,2937.6563576274084
2023-06-08,Rubiales,79609.23375079459,52842.8338991306,25.071456949400428,4673.725502936705,87.53934507363584,2763.7054519571107
2023-06-09,Cusiana,35920.925165560366,26247.871275806745,7.042868239437098,4946.843268402526,91.00276968744487,2800.1571050125176
2023-06-10,Rubiales,80427.21554801543,66853.41971864109,29.679185306336983,5018.875753961883,102.16106555947984,2862.4766778832795
2023-06-11,Cupiagua,30655.344916362934,24782.580000378442,5.041433889170232,4071.595762794123,102.44681612267063,2744.9656865320726
2023-06-12,Cusiana,39378.29036075834,30605.8840568751,43.4828889563414,6141.537412993986,94.31102475653803,2962.6890879584844
2023-06-13,Rubiales,97032.98610415548,71698.06542652976,16.88113120722162,4178.602626682897,103.10729180238809,2860.104173940447
2023-06-14,Rubiales,90477.50981492945,59633.41289838993,5.247523321275935,3857.6358253854432,86.95648325286673,3123.0276108371336
2023-06-15,Rubiales,87724.13989207566,91295.37074451422,33.41221031014686,3596.2991585434156,97.87501508119364,2255.516779133656
2023-06-16,Cusiana,46231.1076458055,39066.20677897648,10.804857426484576,3199.809447845389,96.56388091006735,3152.3558863591757
2023-06-17,Cupiagua,39278.41036123686,29854.294148438355,25.456840955560057,3419.7729604435854,86.39497491020614,2623.3283056199507
2023-06-18,Cusiana,41870.26675429431,30721.66983262014,17.791623321877506,5255.152838479084,94.61630087812313,2783.517255164402
2023-06-19,Cusiana,46363.977627336855,41689.74600631755,26.793056767782893,5554.345734064281,97.04432754218485,2927.6811348706183
2023-06-20,Cupiagua,25762.365668993483,25206.321428447816,13.408741493987403,6456.8820616288285,93.94810846966874,2767.767144046787
2023-06-21,Rubiales,97901.69566017507,94636.77457552894,37.15004608059618,4385.468289284799,88.24623509914385,2688.6784390690805
2023-06-22,Cusiana,36339.58936947775,30222.221840318427,21.585637057942634,5766.073140831493,96.97568844324648,2981.9092781571717
2023-06-23,Chichimene,42822.9592332722,33275.34854340945,17.703401067566823,3756.8872123216734,90.8003285501641,2997.365440878326
2023-06-24,Rubiales,90487.75207617629,93598.44451723964,12.961733547546018,5316.36981106937,87.78533902209263,2859.843665600926
2023-06-25,Cusiana,35501.81087631072,27911.67140365715,45.36794780428485,3831.766200071483,86.76961238353837,2815.010499760511
2023-06-26,Chichimene,57087.643896833266,54654.79281780881,49.709971110767015,4923.132567554501,98.71947014661846,2634.1202805583666
2023-06-27,Rubiales,91658.1234021196,86189.72090412327,26.9334599692989,3358.2896399511806,98.5829190724614,2345.8867421884256
2023-06-28,Cusiana,52356.567468368856,27642.963001666507,17.449983442180713,4885.756196492965,87.70276595939902,2793.1483714083442
2023-06-29,Cupiagua,37179.78332260147,36867.65926061144,19.35058248151669,5573.502815134967,103.737968520262,2488.210380166627
2023-06-30,Rubiales,95987.09332976874,60421.84464211998,22.323656667979005,2776.089309107196,93.89475212507597,3205.788524815339
2023-07-01,Cusiana,37432.55976688116,32606.198355306624,16.969841176619674,3697.1319703702825,103.01146947782544,2471.8196171718837
2023-07-02,Chichimene,49222.959417009755,30152.022913424662,26.938093509258138,4092.786277876841,97.48135366011701,2583.4254726992317
2023-07-03,Rubiales,91987.38711821305,99400.16973463127,0.0,3144.170759268601,83.05950223838565,2724.37601545037
2023-07-04,Cupiagua,38235.55689657514,27003.176981363005,22.76899941520403,3302.3715482676917,97.58991378205705,2865.999471562134
2023-07-05,Cusiana,48004.17923626458,41393.24921815078,24.926530333757952,4959.4738668192085,94.89076132561424,2673.8187323203624
2023-07-06,Cusiana,40298.47585377591,42238.10105638408,31.310474021495722,6235.06024352526,91.31341362535898,2651.291882679431
2023-07-07,Cusiana,42983.762007204794,31104.062042616286,12.520509800115338,3618.8665243688415,92.78200107921856,2874.670262809626
2023-07-08,Chichimene,45034.95123059581,52868.07072290998,16.87978306822439,5308.08841165272,88.43509923339667,2868.65340133561
2023-07-09,Cusiana,43757.1238202768,38972.238228350594,11.94991856036343,3628.564942011423,83.629152107196,2801.0501019230105
2023-07-10,Chichimene,45753.89182486106,46481.50635024231,20.255906173427253,3044.656601441821,87.83959113393195,2589.1487151097494
2023-07-11,Chichimene,46761.2180435932,30698.05814073969,12.915794774889655,3107.2855826241857,107.23013426787388,2738.534095853822
2023-07-12,Cupiagua,33270.7775034725,31337.90168481886,27.224565209272203,6481.752693100271,96.98749671393377,2754.301897284955
2023-07-13,Rubiales,106001.6718589327,73327.23436960416,18.38100644372421,4537.538597115549,100.92191804581279,2346.0104252814012
2023-07-14,Cupiagua,38073.048792765985,27324.271004511495,20.50576796000143,3472.1041700149913,97.7375497439481,2478.0076372734597
2023-07-15,Chichimene,50119.75051401769,32108.360535154938,25.7418646851356,3529.917878245434,98.21873697375709,2577.259098538965
2023-07-16,Chichimene,49538.66904016584,52768.64273621912,26.24232761557549,2922.1555399877025,101.46841321583895,2741.777318829088
2023-07-17,Rubiales,103569.1621373223,111845.67616778557,21.359827143540983,4402.728317096769,85.25400747474353,3086.9467974958097
2023-07-18,Cusiana,44552.29661583062,51609.34374638488,13.292619802579694,4551.609746847606,95.96578754632559,2883.9830985968597
2023-07-19,Cupiagua,34562.36164323243,22450.746883540567,25.796842461784085,3451.553405477253,102.76145585003262,2470.3102758874375
2023-07-20,Cusiana,39379.02517191969,43883.146588293544,14.701405950583561,6468.636962782681,86.65226601892955,2425.821899394372
2023-07-21,Cusiana,42674.30293120503,34335.79241502791,32.06389532257277,3889.043196037471,101.30057197862456,2912.869025936955
2023-07-22,Cusiana,47227.95997726622,50274.2214434177,15.252416676986407,4129.420503325986,89.24811421878759,2611.5254535590984
2023-07-23,Chichimene,49871.85017933888,35294.258331693294,57.00689416281399,6453.747776885387,94.25334659644768,2613.969011241459
2023-07-24,Cusiana,41404.80522906489,38258.89234025367,22.528742685470018,4343.678485339261,92.82562825375413,2814.1867194970623
2023-07-25,Cupiagua,33444.44896316951,21999.473647492472,23.27275324625421,3402.0427447523007,90.34812800455884,2742.0636003948175
2023-07-26,Cusiana,37131.084210968045,33596.19541667723,27.33092757788238,3674.6999322697015,88.81746691150994,2967.9279381263864
2023-07-27,Chichimene,45577.53675503047,38217.25429656546,19.527458402537516,3871.3434792044295,93.79083665950189,2550.51852720176
2023-07-28,Cusiana,44930.61793264795,27943.333738178484,11.67173616484019,3996.706958866907,100.98384354853292,2864.5968680035767
2023-07-29,Rubiales,90493.96980626746,66897.70230971843,36.724823121149626,6721.624730767188,86.06503482788625,2735.2626758234715
2023-07-30,Cusiana,56057.08823661637,50362.55018006982,20.77623874397765,3554.1432565652394,91.3185867083189,2739.389265139179
2023-07-31,Rubiales,104179.36588145625,81233.53041991167,25.929779267073794,3609.4850325678967,93.3470906191404,3144.892085855965
2023-08-01,Rubiales,99505.80311953562,88401.78246085596,10.71457521444552,3340.9686889957034,88.9341052788107,3047.5071465135975
2023-08-02,Chichimene,52516.873514391365,51472.029418348204,26.61256679448202,3496.9024443735243,89.46356704675904,3042.834622849496
2023-08-03,Chichimene,59451.02347813675,53797.1747871905,24.254779962816443,4216.542595703458,92.39121448537486,3151.668883438584
2023-08-04,Cusiana,39051.01945336667,17064.034907318946,34.30610015313893,5862.946216141171,92.66136977472968,2789.6978770121164
2023-08-05,Cupiagua,28942.16022600077,19459.237766232134,10.676327255805234,4183.159410012472,91.26083316831831,2805.3750906571227
2023-08-06,Cusiana,41010.70556265663,33927.33625707305,36.517117290680595,3825.922110497324,97.01995072739733,2769.768615566179
2023-08-07,Rubiales,89621.07712938306,79283.17770727907,20.937811539786484,2693.0922335905293,97.32268159476978,2227.89048700435
2023-08-08,Cusiana,42063.28615607221,39905.54749762781,21.18926880277218,5340.308314131277,93.01359054603817,3021.420949548056
2023-08-09,Cupiagua,32331.926005537287,14220.63782257186,32.9922628031338,5105.460553554399,100.41164483520214,2693.3566619917133
2023-08-10,Chichimene,49792.35808137144,40877.597756161595,24.63448296378544,5231.497935441695,104.98406385810328,3082.9359665187103
2023-08-11,Chichimene,60478.14879425604,46706.892517483204,18.506911770931946,4227.780491510198,83.20470981110292,2749.480348753548
2023-08-12,Cusiana,37036.1159699348,31862.008404217137,35.19723577591571,3702.744924822754,86.8773569094643,2788.625042034371
2023-08-13,Cupiagua,37888.79363890505,29440.157842583558,16.231214467952903,4035.634038858756,101.65189644022787,2902.7745500279007
2023-08-14,Rubiales,86596.83581426958,34746.192732014504,25.511408937422317,7276.415834267648,94.55106158250871,2593.9548135938717
2023-08-15,Rubiales,105291.91224768638,63012.54729409544,26.211950758801265,5327.118384716737,92.66592394331265,2929.8182475917547
2023-08-16,Cusiana,49241.12521787833,45132.76959291852,18.64820511945939,3557.561417605917,92.55163541553505,2745.3913795909098
2023-08-17,Cusiana,41634.35744152187,40197.581264699365,36.925059690810066,3195.421303251807,94.18372862462057,2837.8040479579795
2023-08-18,Cupiagua,30992.256041363573,30228.05125621742,35.86837329500493,3661.23079167668,91.2073304631253,2874.2399591267017
2023-08-19,Cusiana,44560.999236994605,27766.04654955068,42.464380811902814,3191.2419549219926,99.90846810752872,2856.013167778114
2023-08-20,Rubiales,98608.61281927652,51104.79068798492,25.487654582966655,3505.0094536970632,93.94813711865393,3048.2854205689673
2023-08-21,Chichimene,52426.74727897303,40917.53453599043,0.0,3644.7129663915407,93.16890884924688,2832.526375617284
2023-08-22,Chichimene,47650.95715589587,47620.09185774519,5.204435579102537,3974.623646386958,94.01806702712761,3062.140960409931
2023-08-23,Rubiales,85243.49414262861,69565.29387687313,24.11143277513313,4039.669202310976,95.43910970534354,3062.8621596515577
2023-08-24,Chichimene,50674.56129595404,43759.23944257454,21.562188412201422,3954.4726609974277,96.78783573869848,2745.4649169488653
2023-08-25,Chichimene,47805.13314092525,39138.23043443854,27.596346772481745,4271.560933652218,95.81357529013796,3037.2366539617146
2023-08-26,Cupiagua,33984.71059830418,28487.392307049297,13.470039076877498,6533.999111179395,97.91532110410198,2712.725986916224
2023-08-27,Chichimene,52428.472260983646,55071.757736341664,11.253914588075496,3922.1135059943235,98.45233558425755,3134.8388402663513
2023-08-28,Rubiales,86025.99960902726,78824.11621470658,14.169180680015142,7784.857441890854,103.46190377856382,2846.0372678236436
2023-08-29,Rubiales,84979.78072965518,66614.54590850553,23.1449310219792,4703.705665205694,94.63997827748732,2430.7526196723943
2023-08-30,Chichimene,37295.98167439389,23835.370937314943,28.05211001237159,6373.842972620733,111.51677894335685,2861.9003037843554
2023-08-31,Rubiales,76938.5446305184,66711.65165566879,38.44522915743646,3512.638114731845,79.87524618948022,2625.55808621292
2023-09-01,Cusiana,39094.60828126277,39952.944939785775,25.580898468269062,4369.144128091153,102.1986902840676,2903.868043358339
2023-09-02,Rubiales,83744.63987414652,83672.84987988853,30.889438539273307,4009.3814466813174,94.00049541708316,2923.512308302482
2023-09-03,Cusiana,46110.56567736108,33330.89518642072,18.686008026037825,4325.858659618007,93.83298780568046,2913.4566600176404
2023-09-04,Cupiagua,31485.843014387625,34581.11081092849,0.22448669215492245,5923.785815663228,91.08508543995494,3036.1947961409624
2023-09-05,Cupiagua,35680.56133194799,25028.974615612857,19.41617612731711,3685.928563560655,98.56078483585434,2892.714412881685
2023-09-06,Chichimene,50528.979107179104,34813.3356290817,24.442050760319322,4081.885126784715,91.22837424348064,2686.237876653983
2023-09-07,Cusiana,42065.94799946849,35907.82117240006,35.14799307772785,3158.748126040389,86.39146411317589,2720.910997084964
2023-09-08,Rubiales,88027.00347708282,74267.48720499166,27.5607026547713,3503.699409438006,97.23867230809742,2531.7016139184457
2023-09-09,Chichimene,58352.24866078235,55671.456131826584,44.60322175403077,4258.198435528038,83.6650789082779,2643.2688923732603
2023-09-10,Cupiagua,32191.841870771987,30625.31319833098,27.669235518990092,4635.513800380006,91.48965159238622,2400.4590309425375
2023-09-11,Chichimene,47757.99664732838,45664.47631941267,31.74017102702932,4770.674660669271,98.73068550027111,2976.9979279823456
2023-09-12,Chichimene,57596.79517690515,54817.552270287306,0.0,4350.122487772323,88.8547799346925,2690.585931915581
2023-09-13,Cupiagua,38683.01267476169,41373.145830938774,41.51471113353675,4454.266990091972,96.53370287494003,2672.429973467786
2023-09-14,Rubiales,94778.0480909064,92128.0061895029,0.0,2892.2433183189073,93.47795968419332,2531.4439265924857
2023-09-15,Chichimene,58137.816627010296,46798.18068313926,31.41377118998493,4431.788548271341,100.73173927370583,2914.8976098019666
2023-09-16,Cusiana,42784.09648274843,28180.695334708103,28.38876262592261,5712.73082464883,90.86027357910417,2470.912558697274
2023-09-17,Chichimene,50580.39442221091,34335.33766997121,40.81239964096315,4027.2265865926533,98.75027542055334,2956.744347853573
2023-09-18,Cusiana,42372.62572584212,34532.35781873303,30.10977531403059,3266.7742775515676,88.74925047466951,2642.2388733138305
2023-09-19,Cusiana,45920.42880623254,40323.48309948653,35.87113005603672,3627.9251338230097,102.35504974327092,2336.011656503819
2023-09-20,Cusiana,47535.916931226995,37194.74284774081,33.60637980638619,3893.524488299463,106.12548130305929,3044.875741607328
2023-09-21,Cusiana,45085.35694311222,35410.04331947729,24.260991345068128,4686.870916928953,101.28766595141201,2980.1930101723988
2023-09-22,Chichimene,46355.15321370414,38333.35191411358,13.929102522221594,5423.587488562885,97.2771072019068,2839.3465424776386
2023-09-23,Rubiales,98958.959088028,82941.59531156735,19.469723093523378,3479.312859966482,101.25525299172278,2829.122139506778
2023-09-24,Cusiana,36212.3854901536,44250.0764206984,23.87105441765508,4117.902979824557,94.91882573078068,2452.0506343223233
2023-09-25,Rubiales,87453.91871231429,82372.9893033197,38.80875931676998,5403.159694283088,93.99977640415976,3306.119885003802
2023-09-26,Rubiales,91861.43057411053,93057.78224894339,26.546818067013042,6051.5023350233905,93.48130010708599,2930.2226025333925
2023-09-27,Rubiales,81447.9813662772,87212.05908863718,35.718253580890845,3665.529770486011,100.73378653317371,3031.513859831699
2023-09-28,Rubiales,91053.42187899993,79814.65076046686,30.567901421089587,4438.090731622397,96.0066276438886,2692.1283590507023
2023-09-29,Cusiana,39384.978647738666,38975.9359392215,24.597096775284495,5627.982285913439,92.29366212127731,2967.559096326873
2023-09-30,Cusiana,36618.64228517755,31798.226282674867,28.419980155747105,7878.793730161742,99.4634086568451,2838.5381831973486
2023-10-01,Cusiana,39491.24554478405,33861.00342675772,23.899733017702218,4357.169179956871,83.1719628760055,3169.394377734552
2023-10-02,Cusiana,43125.88696563053,37411.88940727609,22.545819678879106,4857.074056487598,89.08207978031969,2618.70358417825
2023-10-03,Cupiagua,35212.05872453597,25636.487581395493,38.934685322296424,5357.185867347053,103.29139581283447,2494.7045063768564
2023-10-04,Chichimene,53019.09829008568,56713.838542362995,23.82848980721277,3979.4670459230274,88.4511242953077,2577.377825209905
2023-10-05,Rubiales,82458.60100562219,84432.92346726629,34.223532319924104,3490.6638809944684,94.25264271215914,2810.4766266908505
2023-10-06,Cusiana,36629.92022815232,35798.08669920297,34.48717391267299,3813.4278416705483,107.65542792794713,2895.9641504231354
2023-10-07,Rubiales,76564.82675184512,73012.7944608139,38.207669550859954,4687.873635137363,83.41398368409698,2753.805613935134
2023-10-08,Rubiales,96727.58849618195,83936.08381832753,5.439984288988239,3834.7707249511077,95.48945298516242,3224.7625215204625
2023-10-09,Cusiana,41471.79560612944,45750.00983679323,24.849050597726357,3226.058201003399,95.64849950592163,2813.7814865239234
2023-10-10,Cupiagua,31936.097133859726,32856.3976310729,23.662593575666424,5129.231298322156,96.54340884428221,2846.4636972054614
2023-10-11,Rubiales,97712.67963351331,80143.43182451907,19.74868089035453,4530.3082358761385,94.41453530227899,3317.643494061173
2023-10-12,Cusiana,49561.9180569322,59906.25251119688,8.817524435430528,4368.977453201117,84.5600995992741,3118.0471673508473
2023-10-13,Cusiana,39379.83564050868,32700.948781627907,41.974281632043805,3694.0466721344133,85.11036599274661,2853.3258449614254
2023-10-14,Cusiana,54840.735114969415,40484.54390704827,28.50476415806522,4745.999037023264,90.10028846458295,2739.505214570929
2023-10-15,Chichimene,33677.02288239746,23313.618434929125,29.688212020802105,4223.169809131424,93.98304370951197,3130.1259949466557
2023-10-16,Cusiana,34722.83656531181,22985.052233930575,35.40767757532437,5952.270535457229,91.14025011639626,2633.0649076923714
2023-10-17,Cusiana,37373.043044444974,33543.003062633456,27.53242064874768,4091.1412126788437,103.69915100708823,3258.131851033094
2023-10-18,Cusiana,45404.36467595455,32114.750687417058,21.96530671176639,4324.94477967194,85.2998579685775,2766.0984809326205
2023-10-19,Rubiales,77342.72997563756,54452.34739294686,0.04911540552836868,4142.238617029449,83.87508313594955,2919.489469660657
2023-10-20,Cusiana,42988.98629448512,33380.91833288124,14.081203797466388,3829.2252430257913,96.94242397300441,2734.5023476539004
2023-10-21,Cupiagua,38568.86737937969,41755.38128825867,28.891706846495765,5177.682806704507,89.79223758613428,2853.6304018325854
2023-10-22,Cupiagua,31341.897325115555,36049.44899661012,9.936225789386445,4099.613652322875,94.20178624693655,2911.836235845401
2023-10-23,Rubiales,75786.62647266802,76800.10728609195,21.120218869179027,3784.4413448420987,88.05270726087879,2877.275672836059
2023-10-24,Cusiana,41985.49529880061,30717.70825551422,8.668070247963009,5961.020474270307,95.61722367345537,2736.643468676616
2023-10-25,Cusiana,47491.36101896243,41054.710620266684,21.44830584879032,4570.962230050003,100.1057883013533,3020.4327239633653
2023-10-26,Cupiagua,33380.57551062058,25671.128626059734,21.835499758937004,4691.102072305774,99.18515421792029,2903.1396487509182
2023-10-27,Cupiagua,35564.10916060017,31545.01750559972,33.60118333557673,4042.0095319714032,97.86492687296293,2606.3997212481117
2023-10-28,Cusiana,35892.39846077278,13236.410802351542,24.454607128099962,4914.891012528103,97.84807082023437,2491.503772928226
2023-10-29,Cupiagua,41468.85356224673,43581.31820948832,14.072839473306116,2772.8735234617616,89.77406740561064,3057.202278219571
2023-10-30,Cupiagua,34355.82874353569,28051.28110879479,54.063368151498345,4279.5918820326115,107.41551785321037,2766.09128441114
2023-10-31,Cupiagua,36648.6053586927,28674.36501022765,23.520751353709816,3779.1200958604763,105.97037377343719,3029.618224698002
2023-11-01,Chichimene,49921.22832984206,41176.53425957198,33.93296367651152,4861.827623950746,91.46912683832893,2814.3612817207863
2023-11-02,Cusiana,35843.710034893724,31462.257517064227,32.755130194711015,3931.737008975826,95.36508316407665,2737.281985061571
2023-11-03,Cusiana,41285.2036502002,37661.72660647126,44.60219740361039,3738.1461626959754,91.74431969788492,2771.2869911806474
2023-11-04,Cupiagua,38310.56438754692,41184.410947334785,28.94878127332536,4984.520298991028,95.53865203733288,2845.3309638500896
2023-11-05,Chichimene,56479.267587591596,50443.48788874441,29.22416611304046,4534.24248043916,93.11951816720914,2795.4143765877316
2023-11-06,Cupiagua,34078.27165359519,36928.80447544692,23.634098004070562,4214.048768193595,93.0725845135226,2687.9212619216373
2023-11-07,Cusiana,34613.01860038181,36597.14611244336,45.407956412290034,3737.102158672982,82.01068661207955,2534.4584281851116
2023-11-08,Chichimene,52490.328042549816,48242.76003915359,24.219170952962372,4897.573132684338,88.15157307989062,2719.079817831807
2023-11-09,Rubiales,89009.12876743755,81462.98504106276,0.6653414860167715,5082.126646687845,97.72178059690215,2961.4690563634044
2023-11-10,Cusiana,33709.3666986345,25889.81230336926,37.10284687329154,5860.0740222034965,95.4961839917165,2718.729329290138
2023-11-11,Rubiales,97355.55876626214,44582.95110651098,25.96231810077074,3966.0457962215264,89.62598237403294,2834.429817558694
2023-11-12,Cusiana,47714.223059128264,42139.42489542663,37.55188315110708,3386.4323544773965,103.71757959960381,2759.8736401011715
2023-11-13,Cusiana,47292.374497523,42759.321799317295,28.911875754121816,3160.7136591520434,92.9893422648662,2667.750739822354
2023-11-14,Chichimene,42317.21270770647,38113.350750094614,33.464439388434045,6052.428965481061,86.2786628026839,2992.869010653327
2023-11-15,Cusiana,36588.003771544994,34082.24609135024,25.336160515820186,5356.70381607822,91.53730421215808,2433.374055662298
2023-11-16,Chichimene,53380.27686680145,33228.88715195792,33.69232491332405,4519.138333851528,91.12059474230738,2796.7868969553865
2023-11-17,Cupiagua,33651.60955338266,28237.00696409458,17.831672537092118,3471.7820319359653,109.61427713107224,2585.444936202951
2023-11-18,Cusiana,45057.69299211143,51960.605676469066,22.103369649893033,3298.2192410350794,99.56862262500155,2768.4362274330997
2023-11-19,Chichimene,51118.94899779695,51445.285627331024,4.595691947749678,2627.424148278605,101.89424912629912,2636.1975580448816
2023-11-20,Cupiagua,39184.01746165555,32393.11999881372,28.42327130973161,4894.320541344273,90.78891682389265,2502.1375970162553
2023-11-21,Cupiagua,34403.98787082738,32912.52964734119,8.019672716855112,3831.8176901118213,104.19496795286035,2583.4274654211126
2023-11-22,Cusiana,42257.07881918741,37136.97183238131,30.188398103615327,4488.893569756885,95.61636820285024,3049.0423068538485
2023-11-23,Cupiagua,31637.241891820417,15409.193087441923,39.90805614476692,3620.5168452107746,99.14780465621749,2849.6992582863663
2023-11-24,Chichimene,54896.101183719315,45072.17014105673,21.390087641861538,4024.5808739194463,104.33308337489106,2864.792010913936
2023-11-25,Chichimene,44752.982716185405,35119.21833028285,38.89487316866193,4855.191107018163,96.8373656278229,2887.604063588298
2023-11-26,Cupiagua,34238.533521874175,29725.662994952134,22.185807922950808,4711.840342469195,80.16146644644778,2864.5094395844444
2023-11-27,Rubiales,96400.52853174781,67872.42238442619,21.586617759369986,3626.375838925405,90.98178417635258,2673.3636483051237
2023-11-28,Cupiagua,36853.83286997225,39940.3215578409,32.22309111866444,5293.675236560691,103.35537952067246,2973.4952254756777
2023-11-29,Cupiagua,28015.615321439698,27278.276464340845,28.329946685587288,3243.296335010024,104.50109630492767,2672.2555246940465
2023-11-30,Rubiales,73738.11258787474,54761.43254139294,42.95861730809001,4195.841944446375,97.57213163740975,3230.289559411577
2023-12-01,Chichimene,46420.28645159893,36458.01877711442,7.277841466113205,3113.2201472998495,87.29490319179872,2693.6824852424675
2023-12-02,Rubiales,99950.99894451456,81513.31416843632,27.513274261323453,3753.3699986265933,99.0333320180479,2760.028845500084
2023-12-03,Rubiales,90562.27119783076,56679.73308223802,24.551369362529634,3768.6891810400994,91.45563929528116,2783.3718290826105
2023-12-04,Cupiagua,31064.246504017283,21465.486398703473,32.376176584305426,4768.508920338376,95.04892229406849,2980.753846708922
2023-12-05,Cupiagua,26865.076764614703,23819.528796193852,33.1736269183531,3463.4037910707725,100.00729003615751,2872.9648959416686
2023-12-06,Cusiana,35763.98837434904,29966.946807373813,35.91432565341326,4436.086203443488,92.17453233776702,2488.018193550472
2023-12-07,Rubiales,99156.64559074258,75314.48001770554,28.008118513147284,4003.559435568588,89.91636444467673,2579.9434347972146
2023-12-08,Cupiagua,33706.18677050852,26773.39573053304,18.897595986720614,4223.430702290592,85.45188020360877,2581.8752213420876
2023-12-09,Cusiana,39164.19933385381,38197.51076498994,36.16153604848273,4558.467832532103,94.14949938850775,2641.3282587923773
2023-12-10,Rubiales,77340.33927508403,53073.39848657117,24.74937359800462,3869.1428846036497,101.1000470222004,2977.60602977703
2023-12-11,Cupiagua,36168.570417231946,33470.07688817174,22.497747750642695,4032.693275678289,97.8066054205189,2582.874166906245
2023-12-12,Cupiagua,39978.22087697744,24522.584063071692,18.57388309612398,2661.06833242008,89.01191306874082,3174.5492868094375
2023-12-13,Cupiagua,33554.42019008209,20909.721858717316,22.56760730146188,3934.0428324833947,95.63978911906808,2851.5928838337545
2023-12-14,Cusiana,39603.202395411834,36618.649581926446,23.689978558508162,3452.3665531687675,91.38869233989645,2946.2280752005895
2023-12-15,Rubiales,80827.58954809085,76713.37945467299,22.899534836376823,4179.68484749113,93.38802688822177,3132.6197590491574
2023-12-16,Cusiana,41863.18355322699,34543.97732806533,35.125242619604286,3613.608539185885,89.59482082158672,2554.951121805007
2023-12-17,Chichimene,51462.51844806642,47270.25191198723,42.183655744011205,4568.0323883013125,91.5737954007932,3073.4011590007276
2023-12-18,Rubiales,100305.29796377568,67469.1049574943,44.46353862642941,4235.233238174851,82.26793494270521,2810.5107121099236
2023-12-19,Chichimene,36228.11384365149,31144.174535566162,23.62060296418635,5845.217628200879,95.00393959615097,2788.935069952925
2023-12-20,Chichimene,44733.48827107223,28677.50838344054,26.10207659917339,3910.6369153075343,92.74591105611233,2498.3237283869853
2023-12-21,Chichimene,56934.210736604495,52203.6875606137,23.772142227747434,4594.989345094936,84.64527110995688,2535.6614188665335
2023-12-22,Cupiagua,31955.01404062487,23465.64008843309,32.997701659766705,5427.658813474868,77.43452386310292,2486.6099156903783
2023-12-23,Cupiagua,40376.94415714487,45670.02090400997,20.66696032906914,3444.1093244185263,101.306617477893,2746.896792870915
2023-12-24,Cusiana,37996.88573503185,21031.86716771742,17.92315156390338,4271.9993724891865,92.76312743890576,2768.5544117500995
2023-12-25,Rubiales,72082.01107648152,52716.4070146302,35.907629943589924,3736.176975889143,100.0198236314122,2836.4946859550737
2023-12-26,Cusiana,50999.82231781671,33481.67327540282,21.39498353449339,4026.7909835946557,99.57549115534391,2798.2541670439377
2023-12-27,Cusiana,31344.369657720817,35434.41291522289,32.395238483829914,4242.529987928827,86.47368999393143,2789.8013623538695
2023-12-28,Chichimene,52382.77542884753,63860.496795010666,14.79673115398442,3044.3091059736225,97.38230225112936,2545.608133945403
2023-12-29,Rubiales,87682.25169535255,83292.27995705335,25.852324937250977,4687.717394191396,100.67386131671286,2727.4560562799275
2023-12-30,Cupiagua,32660.10875503437,29243.57330982844,10.271083877405658,4579.4762192088565,76.79489992442913,2841.5135811301625
2023-12-31,Chichimene,45428.85651358716,53053.26858467854,34.683559999760035,5365.646585178753,92.79968150163945,2913.5290998094224
2024-01-01,Rubiales,93691.67810841036,96720.57679022025,33.516701917624914,3687.1581772864124,103.15669329255711,2802.2899697016737
2024-01-02,Cupiagua,26955.45304065921,24244.006712046983,16.9446141478169,4867.779512020636,101.85946082063242,2607.9752674165975
2024-01-03,Cusiana,38256.38789417017,29769.397616833794,23.67724118554226,4645.4849948201845,99.94626471379465,2599.3044291441975
2024-01-04,Rubiales,101720.47602388091,76644.67795183398,13.71354519535188,4448.3168438235,94.06621876629352,2776.5148471778207
2024-01-05,Rubiales,69589.14239439266,41725.23102166523,21.68628033077564,4030.7991390260568,86.71604312647032,2917.6347681498323
2024-01-06,Cupiagua,36535.16191239282,30246.757987485937,29.792305460464853,4839.513702748661,100.89134099162688,2752.8951949758393
2024-01-07,Chichimene,49566.1766441157,41757.736564786035,42.489368320261995,5274.477902056113,93.74764048633953,2768.5631073591912
2024-01-08,Rubiales,77055.26178142332,73203.26671543896,17.57340029108745,3919.6359612125066,94.0356664933008,3158.5813160311113
2024-01-09,Rubiales,94267.98903364762,52854.08917035299,17.53597542643518,4795.114805755527,86.2162818847028,2445.880110108777
2024-01-10,Cupiagua,39134.876235946256,31858.316656150906,41.78653578256433,3976.9500450864834,109.03064725119287,2618.7766696928015
2024-01-11,Chichimene,45748.26231182376,50033.80894794518,26.78309177025324,5287.870303468358,97.56416583286673,2682.542992461695
2024-01-12,Cupiagua,35325.26076851656,26690.554359758946,39.51259194822437,5176.103784852459,97.1382090252698,2733.2839280311296
2024-01-13,Cusiana,37048.78643509678,22171.603416374695,45.215722169207524,4110.673879247896,105.69795051721351,2888.8437834627207
2024-01-14,Rubiales,87882.7642920449,72654.35079388098,7.454333398282028,4547.034275506001,91.30152672632309,2771.5381189820646
2024-01-15,Cupiagua,37597.35992471762,37185.16481140871,28.37962117332959,3689.294042383907,94.81426176444012,2518.128041101881
2024-01-16,Chichimene,50031.05147421816,46269.35177422809,27.474010322602616,3310.992304224722,104.13230583714062,2803.1616183018978
2024-01-17,Cusiana,35241.79761177031,24771.28469414776,26.01455447281931,4858.2395849399545,99.07572899816303,2833.4703059078233
2024-01-18,Chichimene,41371.87579023151,40621.16602559849,25.648538063969173,3244.6753132419026,105.20194000891173,3177.77892009798
2024-01-19,Chichimene,41681.49204576267,38687.50638079958,28.529608226897196,5201.963102787388,81.67095533479606,2642.4338545287515
2024-01-20,Rubiales,87899.167682254,80982.36842716527,15.82465972434498,4079.3897625362506,92.02668815366894,2731.3587157070465
2024-01-21,Cusiana,41331.99183999264,30956.893487964924,9.979400441773755,5298.75396233067,94.59148008011127,2862.386450586721
2024-01-22,Cupiagua,26775.469897518647,19261.86968345379,24.753233757370296,4097.797560720409,88.01219108868538,2543.753482836055
2024-01-23,Cupiagua,32135.996529019543,23961.49019371366,37.618563870912524,4567.387019255115,112.14395142381917,2836.232614734998
2024-01-24,Rubiales,109535.47490554505,85520.16698665643,21.669362451800765,4723.617074243592,104.33939360756601,2745.4619819222034
2024-01-25,Cupiagua,32784.93890036777,34125.65557161732,18.08985797473161,3650.924459562097,76.99742834307625,2676.437207880248
2024-01-26,Chichimene,54113.39248714812,51810.417547687626,31.514258286542486,4153.522848158055,102.30101621499206,3016.617607656713
2024-01-27,Rubiales,89972.13772897163,89824.72568244049,25.990467400980382,6749.61852233165,93.05643825383984,2685.1686511003395
2024-01-28,Rubiales,82189.14163307357,63363.091473340864,38.844683331445,5797.528825492855,103.29051907525579,2421.2228433937867
2024-01-29,Chichimene,47820.05985591421,41399.36039601898,31.486595551952647,3967.4021072002533,95.77921170549932,2807.365090459195
2024-01-30,Rubiales,78727.06666696543,65817.90704795635,44.2552089126818,6909.661779563602,95.7403044039511,2931.2604667580613
2024-01-31,Chichimene,53052.93768166827,43924.810650195956,29.569901183353295,4319.457127161844,99.668353250888,2864.196343254246
2024-02-01,Cusiana,42439.20567430527,29571.144517281915,21.75542840695523,5107.036933535311,92.96789240593183,3007.426759988508
2024-02-02,Chichimene,61941.57562359184,58387.97510714296,16.235969284091222,6397.602009696344,96.9272611352285,2942.199755283714
2024-02-03,Chichimene,43120.85055322747,30159.594229549966,22.042244915313102,6628.064437854619,99.90345064489708,3053.0283115538405
2024-02-04,Cupiagua,34327.15161436136,26493.915628542287,6.246373024585754,3092.6214427188056,100.21411148743665,3090.938264277188
2024-02-05,Rubiales,87580.71484099205,80427.37317289405,36.52791990881781,3169.303619182734,102.68282850340304,2841.3964208212687
2024-02-06,Cupiagua,36653.59924428637,26244.341651437586,26.62934167635093,4229.146544229396,98.98617577115898,2995.019908087628
2024-02-07,Cupiagua,36303.29160664247,24505.887292447198,32.599426922384154,5975.244284692881,94.05505902323729,2648.2836831780887
2024-02-08,Cusiana,40741.92982146047,34708.892769296726,17.97783704162041,2842.375851722709,102.46095084481524,2861.944924967364
2024-02-09,Cupiagua,34382.15589331553,34175.33299304638,22.24563114968595,3273.2452561530736,98.45592024073525,2848.4514485538916
2024-02-10,Rubiales,76110.06944785944,66406.94117127205,28.24338619743326,2637.066548072278,92.87823920522577,2667.554981358037
2024-02-11,Cusiana,40625.69220968011,24889.25747906885,28.332032327430518,2522.5569024320207,94.39735259775284,2575.8735242074836
2024-02-12,Chichimene,59166.24149461502,69493.91260115386,35.13164015061362,6119.549183266643,96.64027058115963,2931.8818520794334
2024-02-13,Chichimene,45418.06739881535,38016.405192678416,47.53694647597008,4873.542589020012,93.81351970068233,3152.9107296885113
2024-02-14,Cusiana,36603.175853871835,32432.12302524752,19.94149955283396,3376.2175297142685,103.3181905240116,2641.7822870913246
2024-02-15,Cupiagua,37565.78584330678,36184.166525151835,30.934091951216217,3850.1354468363847,97.07064096739761,2560.344686597993
2024-02-16,Cusiana,31229.205469310444,27623.314453407704,44.0213193996188,3493.1565918891915,91.8484265891418,2708.4840690290293
2024-02-17,Cusiana,50315.60878257648,41263.03148905808,49.755736299051115,3946.531932942468,89.54943165695364,3051.0992370076688
2024-02-18,Chichimene,41246.38837383226,26169.150577236298,24.5386845453514,3440.334938911939,84.06353083698424,2552.7854777305092
2024-02-19,Chichimene,48901.79993449563,42227.074451157896,21.238299397293325,4141.879418773224,107.27069672342326,2662.599880742225
2024-02-20,Cupiagua,32758.739426529333,21902.285708518557,36.880771731591054,3628.9706124943805,104.11272308812192,2615.239600809356
2024-02-21,Chichimene,54861.65112113348,52559.09476538365,48.19846384538702,2267.4568646551456,87.10676979787377,2779.402340112243
2024-02-22,Rubiales,88974.6915833847,71166.21925124606,24.491869602699026,5187.885167739277,94.15895359412063,2950.978311567675
2024-02-23,Rubiales,101458.38423014291,62023.62395906019,16.281546543823524,3984.3821050696506,109.54353476931857,2654.057001605329
2024-02-24,Cusiana,47374.16876592145,46508.924564322195,30.161701799638827,2723.0271048947207,85.0084303782515,2922.728009014814
2024-02-25,Chichimene,51829.89151813452,42670.62377955895,7.841969934760982,3896.8458240506384,86.49171382363131,2660.893708611657
2024-02-26,Cupiagua,41559.38056436933,43985.55329787618,27.84059357126225,4331.057310827474,91.5212133570233,2604.251121189904
2024-02-27,Cusiana,34605.37203060064,23639.244979662555,36.379263303337794,3597.6394338915925,91.35424082979604,2494.3004167626686
2024-02-28,Cupiagua,31559.07730038928,25844.6836904241,24.637897351244888,5092.556240497636,97.49217968400382,2709.4011949382425
2024-02-29,Chichimene,45515.7341823151,24001.522212688335,17.86836268317426,4879.9407478011,91.81161233528519,2690.1831874292693
2024-03-01,Cupiagua,35538.405168660225,27088.60676914523,27.36350855141781,3913.9165452254933,93.3685112719021,2566.03381705956
2024-03-02,Rubiales,76562.20714356094,97291.59451800892,29.698197019928713,4709.674435526063,101.48351483424936,2571.0287505421975
2024-03-03,Cusiana,42650.47265466553,46161.738389185215,35.2176644411623,5250.7243612040465,96.73266239556345,2970.7035340343705
2024-03-04,Cusiana,37881.086468331196,41453.798665670714,44.08070694260458,3833.868162429774,100.62502060354392,2844.3022609425266
2024-03-05,Chichimene,48434.42020397519,42956.664054820634,19.59849324059713,5228.6887060668305,94.84582626585365,2990.216031583888
2024-03-06,Cusiana,41009.24904804015,43240.58725428754,23.94306892403725,4194.4421872393405,100.73487714966544,2652.3471871516513
2024-03-07,Cusiana,38416.247969690834,44807.40804527892,29.71337148885469,4733.334113058856,88.1182905620922,2849.927787759775
2024-03-08,Rubiales,79176.10188854273,61575.777735847776,24.07271851318142,5177.200765086028,98.00568035958493,2657.114355072242
2024-03-09,Cupiagua,37404.97244673275,21665.329249243823,24.833914196073927,3769.552820624845,98.9789568892866,2782.926898683473
2024-03-10,Chichimene,48871.076871199984,47749.951469359716,19.50203211528625,3310.7311820750397,96.74502835108423,3045.7967473413205
2024-03-11,Cusiana,31420.061819094775,30113.244449506677,35.89171614975408,3853.76580325059,90.04616628131389,2722.747641846724
2024-03-12,Rubiales,83867.36803532243,67200.76717061728,21.61917122935606,3711.115956159228,99.18673170486223,2705.3446833469015
2024-03-13,Rubiales,97074.79640859085,74382.25109127877,31.109348743344594,5830.908411154145,96.24330855135862,2768.978798493498
2024-03-14,Rubiales,102938.73939166711,86161.53646945523,22.88290791629378,4328.852618018135,105.40258034559196,2908.5752596750613
2024-03-15,Rubiales,92342.33770821587,81100.78690302164,38.507521968313974,4984.499248578036,95.82180689126834,2662.3464660060577
2024-03-16,Chichimene,40280.694508321234,37529.51715400636,9.427497800533342,3221.8487840866824,93.33291889541903,2745.4651334622067
2024-03-17,Rubiales,91124.42926124905,33172.075887321844,36.86561168185898,4861.26353179612,98.97102813819501,2784.268215012696
2024-03-18,Cupiagua,34406.61145095755,34841.19372634792,10.20330082537229,3803.069624865454,106.78393645662989,2625.3374482822965
2024-03-19,Rubiales,98827.91281714002,81867.02542771716,9.286152887255206,5495.193354560122,96.64334802383165,2924.6531847909605
2024-03-20,Cusiana,41453.18266343342,39306.53386860634,24.427118676687932,5632.300375137663,86.25158716514481,2813.3729730491564
2024-03-21,Chichimene,59530.06123107025,37594.3444885941,24.577497188676325,3966.149348733438,90.37340357436723,2728.413016122337
2024-03-22,Cupiagua,28603.076467238818,24223.617807586405,9.879491335228177,3574.4147657884396,91.35253285678564,2357.017503206272
2024-03-23,Rubiales,74407.7883597937,76973.31558608811,24.377232326457957,3467.9648325550525,102.30718741585879,2885.1116219946925
2024-03-24,Cusiana,31759.64031945578,18439.935303225255,29.23731695275559,3073.947250738172,89.29065406393876,2611.1962280611583
2024-03-25,Rubiales,95059.35976192087,74697.52776686223,23.115694763701875,4335.201230977829,98.54118603873707,2676.293303044225
2024-03-26,Cupiagua,37037.24596546202,37793.87612387412,19.622283032616078,3746.881143929453,99.24340309558372,2732.110131289529
2024-03-27,Rubiales,93523.70792914154,96485.04293339931,19.789840970082896,4760.345914035872,85.58710878578906,2764.748341372317
2024-03-28,Cusiana,48655.37287564207,34366.3790669225,13.431811495397326,4436.957614387963,102.18691414379863,2781.785740903923
2024-03-29,Cupiagua,41128.69492521094,40897.05092597929,13.206284987877144,4028.7453861843123,101.48526915899917,2704.7739045101325
2024-03-30,Cupiagua,37562.511078164185,32586.887080576587,21.588652015420397,4533.944532581193,102.71795226027358,2862.121915543869
2024-03-31,Cupiagua,32745.233172809636,21965.500861363646,19.217059106887294,4510.7926920446125,97.40101253729996,2852.1449667272823
2024-04-01,Rubiales,86288.61643152036,54684.5237180298,28.943292095327635,5540.259552019965,92.10350370221781,2691.8908877771623
2024-04-02,Cupiagua,35587.12076607178,33469.898516724636,38.38811806185248,4397.924513601315,89.62388909217313,3070.848051411803
2024-04-03,Cupiagua,30447.186185973227,27479.57371097363,7.903638909529317,4317.228296251354,99.58186425800436,2782.8397404745706
2024-04-04,Rubiales,91953.88210838113,73943.27092289235,17.933574731657234,4801.229071902915,91.90525425929074,2710.5374251163544
2024-04-05,Rubiales,70977.38597548325,65020.20400566887,24.788762318098712,2981.1777472740987,92.21168491782494,2993.0001804425497
2024-04-06,Cusiana,45609.03307015732,29278.406723817367,16.593800131285413,5626.600431616765,104.58749128182122,2990.8083490467493
2024-04-07,Cusiana,38998.476922617425,24452.996409377403,12.62358830663345,3753.8428588761763,97.51340808243656,2691.159445457902
2024-04-08,Cusiana,40333.4360649531,45686.8860069071,25.881663201977297,6079.419874784908,105.45208802967211,3029.388969885821
2024-04-09,Rubiales,91033.27145566187,87401.29295814806,31.576652862654633,3944.9444921292707,91.58665134534571,2767.190592177031
2024-04-10,Rubiales,83049.90321625739,99491.74825996201,33.660232971182666,4205.220533698007,100.07350322691086,3161.79387820443
2024-04-11,Cupiagua,37300.5525718204,28982.08656499418,33.402072497910694,3660.637553481948,88.98552924865655,2894.7756139327507
2024-04-12,Cusiana,44846.63445063759,47604.952100763345,46.74721069664246,2531.989081676306,104.31346191272809,2869.850708549234
2024-04-13,Cusiana,36981.393703166614,33856.44526893795,16.54065461526219,4143.975211088996,85.37751938845739,3058.431369801117
2024-04-14,Chichimene,45450.757627305786,39963.77146918059,34.354192762270266,5779.316204266818,97.56602905590151,3052.0925572287792
2024-04-15,Cupiagua,39815.46632884259,31833.680316284685,40.79730027630258,3281.7964498612164,89.81073751057824,3192.4813708615884
2024-04-16,Cusiana,41755.550465728076,42142.157522981324,18.83437841536732,6029.268535367631,89.80042559515671,2724.681554999629
2024-04-17,Cupiagua,30310.532829672055,14733.394699161845,20.43590810591533,3532.6931715323385,90.25239681578923,2786.1334912752964
2024-04-18,Rubiales,83358.90970536189,83691.60757901032,17.999472270812475,3932.1095424954906,94.6690571217502,2954.420984179708
2024-04-19,Rubiales,93029.61904273382,33620.65390330984,28.780739525181392,3595.6253549195258,99.15929165613555,2779.5146666354235
2024-04-20,Cupiagua,34907.0153717876,28830.263509949273,36.20760954988798,3482.98104831717,99.30319478057788,2964.6936661383565
2024-04-21,Chichimene,45625.33157637624,36626.79333423921,16.50194937816409,3900.211612635885,101.12703709758168,3127.6412542499347
2024-04-22,Rubiales,78698.6197229879,81112.78873686829,18.76290831073025,4791.0997582835325,92.84803673596059,2564.102181388829
2024-04-23,Cupiagua,42578.678088339526,47034.760339177185,14.56992431081363,6047.984807399188,96.86320565271778,2891.7739725946913
2024-04-24,Cupiagua,38737.755063039585,36384.793849310154,24.798827493220326,3796.758020777575,92.5803484360564,3112.9444167709685
2024-04-25,Cupiagua,27557.917223786986,26383.699929044356,30.86967010272217,5198.0108560883755,96.12833355749943,2663.973990989313
2024-04-26,Rubiales,81521.06242614971,87624.97521786144,6.590775913507695,3152.2501929189707,98.97675602777409,2856.9903855406565
2024-04-27,Chichimene,47430.66050853288,42933.18913349182,24.863355849575317,3723.8936242112277,97.31615568891539,2774.8744856456055
2024-04-28,Chichimene,48241.15260034529,43878.49108223254,30.892862858860983,2718.614965233313,102.69204871760068,2896.8103440369223
2024-04-29,Rubiales,94221.94233547965,50685.61480900148,17.875110583925625,3952.5302261522165,92.10428439691997,2700.2734498269365
2024-04-30,Chichimene,49502.36169283996,45308.27724071795,15.452586628984678,4489.254282098843,90.81626435471439,3069.422297975797
2024-05-01,Cusiana,39647.65948624028,25903.988696259537,15.799835801058954,4640.2439105555595,90.82468205092258,3000.680947180502
2024-05-02,Chichimene,55818.95364411734,39413.675871999214,12.785368558099865,3298.73359447504,98.04236578659057,3156.2663611333346
2024-05-03,Chichimene,55369.85364446128,32844.24365267435,30.658295020848378,3217.6051849978885,88.87128454848576,2860.9385857678944
2024-05-04,Cupiagua,35775.19905411008,34854.86829518122,16.228127273232214,4120.942785560848,90.98325321842816,2714.3409033616344
2024-05-05,Cupiagua,40640.50320401042,53296.41253463084,24.922181998027035,4409.366020409027,96.99230470871568,2724.155684891173
2024-05-06,Rubiales,107555.17835317725,72234.52682385924,17.8924740088516,4212.28493939226,94.77833172088467,2759.3740618068446
2024-05-07,Cusiana,48991.500804335956,31883.616573924253,27.14635635155743,3821.779973384013,98.212846290203,2796.9573540626398
2024-05-08,Cusiana,37444.92073467119,32637.431659880167,9.306154768981735,4822.466079722152,93.90666340929548,2907.8076101469487
2024-05-09,Cusiana,37068.1879681232,20121.105858844912,28.9338391799359,4389.333815191727,103.69875239347195,2848.4874129884843
2024-05-10,Chichimene,49074.430265788884,35060.15281805929,19.49297739465505,4683.079004640673,82.82338146548476,3135.9010986270164
2024-05-11,Cupiagua,35558.40417311097,22491.768780835006,33.42109291530421,4109.029802849332,90.16554074828633,2960.711890273457
2024-05-12,Rubiales,82843.85819120104,69059.75398116886,35.44106993824332,4077.8237393919667,89.13770755018956,2942.791990521491
2024-05-13,Rubiales,86159.09056824235,70756.62561189453,40.796974537197386,3400.5216820678393,87.04120315928432,3137.006621936279
2024-05-14,Cupiagua,30006.87745641702,18896.478847465372,32.106389915860035,3333.3062838304604,113.17206604749362,2933.8627410620747
2024-05-15,Chichimene,45749.17757761204,31498.117596981014,15.788649422676903,4905.150997721714,94.83657018765096,2685.631217632488
2024-05-16,Cupiagua,33425.42564371194,22783.878902868673,1.7465742794915755,4114.7814099922225,98.60933594548165,2686.1569722688455
2024-05-17,Rubiales,102071.37434774783,89947.68742788561,16.301878994653823,4460.387669191743,91.71659395541656,3014.113275938913
2024-05-18,Cupiagua,42652.51622993844,42177.64921428607,22.577908662962617,3687.917778762451,89.2743552889474,2997.3940057512004
2024-05-19,Rubiales,79666.65518287652,71841.9837748405,14.411185922055203,4049.4856468173084,98.31616675467643,2589.4379746008617
2024-05-20,Rubiales,85842.34111522415,82312.7030675318,13.098222092833542,3103.9249281240645,95.36640523240922,3225.058556246542
2024-05-21,Rubiales,84925.25511173897,54893.168309577326,27.25599304102191,3622.1279570188576,89.03074507267526,2977.9724493342724
2024-05-22,Cupiagua,30591.014180470043,24282.17197004505,27.684952060652662,3978.6058554140136,107.98778052109809,3003.390299495937
2024-05-23,Rubiales,99761.4311486976,94291.07666990494,24.77326157454362,4093.7223704562152,102.1201771083214,2406.0290186724146
2024-05-24,Cusiana,32803.27294973126,26155.100051069858,38.329619850459714,3923.7376235586107,96.79081959513275,2799.726518106823
2024-05-25,Rubiales,95920.86781826626,108396.05153749984,48.76383011862559,3997.8538056113903,104.6388379391331,2930.8512076158854
2024-05-26,Cupiagua,35520.08667052684,29442.9049717788,12.799207320989536,5601.769956262107,93.53693309871149,3345.37585580226
2024-05-27,Chichimene,47775.72105329665,32188.814537343165,19.083877139309756,4197.4211957483685,91.31024885460344,3199.746266218287
2024-05-28,Rubiales,96922.2462507993,90751.96323076017,34.48444543429344,4341.468568339304,95.11029580044772,2360.389606414083
2024-05-29,Chichimene,54516.71985404357,43415.66263891182,26.701097571239977,3406.6642419717023,99.39501234071341,2944.859430434503
2024-05-30,Chichimene,48182.33287823543,57411.2537716407,8.578986852326224,4365.029831431245,92.47498700244414,2821.194226926637
2024-05-31,Chichimene,48380.116831281855,37539.329335409544,25.63671718534826,5094.465118665888,84.19802547140087,3083.8253482370283
2024-06-01,Rubiales,97651.0299252382,112978.1205150841,19.007591451563485,3704.2015118561967,103.16606154931952,2948.7596093349334
2024-06-02,Chichimene,48173.14197696488,25612.868100077507,2.27815102723563,4824.950222863324,99.30477701876212,2626.161848551519
2024-06-03,Chichimene,40731.71962844478,37432.54733095332,30.767636471607375,4082.334017630223,96.51884315736682,2579.7234394719558
2024-06-04,Chichimene,46104.78040419894,45966.31775596756,28.589902714245515,4856.041839033081,95.08760570793291,2937.772683034105
2024-06-05,Cupiagua,40373.20465122347,24287.06695641504,30.23273069243573,5423.786640366268,100.64453244236475,2966.725657818118
2024-06-06,Chichimene,61023.63552533982,68538.41560984602,14.937040820390262,3913.9862560302095,86.57753280436634,2657.0366873572307
2024-06-07,Cupiagua,38076.937849774156,37317.39899987539,23.67525945933475,4319.00604463594,86.30753555178984,2994.8377545688504
2024-06-08,Chichimene,53263.77074658399,35985.08227931371,31.11211951788248,6250.158986401493,97.67434312865707,2352.024130014419
2024-06-09,Cupiagua,37067.68753966993,38271.38940379094,24.87467706220361,3297.3331737803937,94.74327322340801,2965.5816765018026
2024-06-10,Rubiales,73470.10918065548,86575.26624080855,34.44945607520651,3900.413563524313,101.00669089789739,3082.4366704803706
2024-06-11,Cupiagua,30799.240390201998,29023.171020402642,26.116523464995744,2863.9036584836385,94.23599275268698,2668.788646131877
2024-06-12,Rubiales,92461.87118294527,82048.8208397563,14.9639122764255,4217.576590050085,89.41218343735653,2667.023320011925
2024-06-13,Rubiales,89242.7409487092,76064.56810487172,25.626669346430663,7823.188620321548,99.79684121739984,2983.4959151652483
2024-06-14,Cupiagua,40341.35358892325,37629.64270843698,42.15128866666413,6133.118835207479,97.10277868911781,3277.791409484673
2024-06-15,Chichimene,56505.727375962764,36236.17578002804,19.02611726639463,4174.920549030243,86.93584183184937,3050.8150694099654
2024-06-16,Cusiana,34053.38435164106,22957.53547454725,20.161489111709347,5102.647824952554,101.32911336769155,2493.624427429995
2024-06-17,Cusiana,46198.55919326251,39123.60162919301,19.199910205433838,4053.605008256623,91.30870100706886,2758.446539263039
2024-06-18,Chichimene,48919.87731090231,37657.6318825289,42.031198450260874,5155.427668949621,99.03406687802203,2638.484245427205
2024-06-19,Rubiales,89261.03903130649,77341.90374404239,15.552646055337577,5309.456361030802,103.68539991668484,3086.123603791689
2024-06-20,Chichimene,40410.52604654536,35634.175407730276,32.21099536897059,5280.890185050953,101.81779495321383,2814.4089217084415
2024-06-21,Chichimene,45578.24047332536,41578.869324841544,20.889280304600202,3943.455648995584,104.84396046512686,2647.396379799344
2024-06-22,Cusiana,41237.14418957173,34936.46834601814,18.8857170264761,3200.337338508906,89.47159063625179,2579.5002516511527
2024-06-23,Chichimene,44260.58840944369,38841.347269074846,26.750672066348123,5469.450109771045,80.36351729658969,2707.7287899378557
2024-06-24,Cupiagua,35403.8804299378,38663.136745301235,37.50626747926681,2747.0498869284957,83.81965939163865,2632.680740948688
2024-06-25,Chichimene,55163.93317970287,47608.401837674,21.760110125159834,4214.310444720284,88.94475031621879,2963.538475337527
2024-06-26,Chichimene,49595.17046829481,49079.14777697955,24.813031603691208,4035.540346258713,99.95787987958329,2598.581313831984
2024-06-27,Cupiagua,33884.69042159102,25631.582705909066,31.411755046331617,4421.249433318087,93.34171949896296,2703.212102919661
2024-06-28,Rubiales,106202.36493396129,99757.6349632087,28.03503717543981,4572.495664264972,85.24176777626941,3299.5283471856264
2024-06-29,Cupiagua,35677.297842490334,33628.78029168998,24.56948584214054,3370.775948626134,91.42065592730684,2665.1348270626886
2024-06-30,Chichimene,47285.271951713614,26740.41986536253,39.28449127870159,3705.245871626591,105.01444140609121,2842.923707626673
2024-07-01,Rubiales,82012.18848008901,75922.33943214381,20.726667202799653,4936.628293247077,84.73020770191947,2575.3514386626175
2024-07-02,Cusiana,42493.946393126665,39208.32638486712,32.40533512482095,4402.5550720175825,95.95197438024451,2777.1303043149346
2024-07-03,Cupiagua,38580.98370023782,40338.44452658648,20.154214769368615,3900.262186453448,97.97536085886182,2625.233425139698
2024-07-04,Rubiales,81756.75983868995,70445.23059892091,20.36465649982305,3384.1349911754633,103.24424553604858,2777.396031950355
2024-07-05,Cusiana,33501.86923362771,22913.76757601312,27.369412218191002,4339.068382304216,71.09747921790252,2528.9606954858887
2024-07-06,Cusiana,29253.97964948106,15980.166640211424,42.89845485034132,4017.6514955122107,105.50283741310093,2822.851556244511
2024-07-07,Chichimene,42192.85250520196,39664.26968955194,12.098864429516468,3646.4377322958294,103.83624246476437,2490.3149257324335
2024-07-08,Cusiana,31652.990408328333,25200.262975434278,22.438608002194904,3401.6765194329614,99.44000777134822,2823.4096105573817
2024-07-09,Rubiales,81576.57408453671,58539.99379521043,30.249397483945597,4721.797260055062,91.28460094609807,2252.698273937877
2024-07-10,Cupiagua,34753.73128058065,35076.92271133494,6.861266661962031,3924.381288986612,90.75647407459016,3097.908024377239
2024-07-11,Cupiagua,38574.67916625593,30898.68177528446,22.97755712525064,3775.450325563072,91.939098345174,2826.4622407604693
2024-07-12,Cupiagua,38109.21434313762,44051.46936245902,5.999054926643666,4436.095943500966,88.25537299305634,2667.828177631869
2024-07-13,Rubiales,92641.13987871673,94309.83540048986,25.120274907663962,2951.136548939144,87.15172717705921,2612.2432839983453
2024-07-14,Chichimene,52368.548638735585,40784.24875854832,29.57062218867585,3903.7149965429494,86.08110465659227,2641.178928312124
2024-07-15,Cusiana,35479.33788124358,25206.83767570785,25.91241344539793,3635.0457501504998,108.01606189994544,3040.1733888752124
2024-07-16,Cusiana,41913.54219118158,31669.138414853693,38.66985610028755,3450.0135977223113,98.50985062230693,2755.616240537506
2024-07-17,Cusiana,38929.50885381691,36466.97435272858,24.70269693986424,4065.7583657288533,98.89785076732784,2444.796405863637
2024-07-18,Rubiales,79473.95937163255,72643.20921594146,18.689980871095617,5261.973917606836,93.09074582486784,2694.1958811689196
2024-07-19,Cusiana,37781.22419221779,28188.101026333734,36.642819402895235,3915.712303584755,100.10315444707854,2760.4684413881982
2024-07-20,Chichimene,39319.88227455232,32124.48696261698,20.989599217881995,3243.2172500357133,109.00432990995627,2852.6354760965883
2024-07-21,Rubiales,93337.77349891928,46956.670708983795,25.765779663915282,5975.131023512206,102.08469458279518,2981.2433208096195
2024-07-22,Chichimene,50903.70956409536,40211.2594535639,20.284292703307052,4933.040116676386,98.40268453586822,2674.5705889910832
2024-07-23,Cusiana,33267.82011126156,22450.008287916655,26.233780877442875,5262.97212411972,87.96515391364314,2703.860245123004
2024-07-24,Cusiana,51615.1727762995,29881.03360229751,31.17857458733525,4574.055916265475,92.55284998515727,2617.5399867448973
2024-07-25,Cupiagua,32218.217952752697,24757.169978223093,7.478036460013541,5119.102988368501,92.77817834110331,2529.626544961704
2024-07-26,Rubiales,95588.37809540782,77589.63222608414,28.109206746993078,4630.235373315753,100.39624762728302,2940.217156602339
2024-07-27,Cupiagua,38669.0300089287,38112.73470914418,23.748439857119664,4060.966241358549,90.00221959358137,2206.238127898824
2024-07-28,Cusiana,52166.31413257203,45837.580708427486,27.911471819267632,3618.3978322964035,93.87824811136171,2837.606030501998
2024-07-29,Cupiagua,38087.9158536353,30295.827218641298,30.832700392893138,3662.251635982105,89.50096889180779,3027.5985753889263
2024-07-30,Cusiana,32473.24916198572,33081.34255182822,22.62155073003187,5147.703947141932,93.14062057306451,2570.284618597739
2024-07-31,Cusiana,33889.07202597027,25636.26518029608,24.582368097409656,4075.795865769889,88.4959916974124,2843.7506900190974
2024-08-01,Cusiana,29356.704675857596,26664.54302347409,4.94763931981387,4311.923623816113,104.10951589405056,2955.806888083179
2024-08-02,Rubiales,88187.50186564529,108327.87892122575,23.97096559419559,3438.126069404004,98.13869464044907,2377.036810855765
2024-08-03,Cusiana,42746.00868227086,29234.77524882668,25.512764797317697,4178.090324361612,83.67409972201624,2987.3718617881063
2024-08-04,Cupiagua,38115.329032029345,27818.325909031126,35.435733391590944,3839.153626972733,96.07614949466792,3064.7928402726557
2024-08-05,Cupiagua,30987.894952812807,26282.215720389904,34.41863445071306,3828.2781623526644,106.63173680614766,2837.2365249831546
2024-08-06,Cusiana,43450.52972291302,36014.47402704826,47.12368012356856,4311.929580791622,88.42408831756366,2492.3489822452607
2024-08-07,Cusiana,41775.73344306232,30092.013596677058,5.817819153169879,4774.1890488118715,95.20141275961241,2752.4134736394794
2024-08-08,Cupiagua,32596.347743881717,27739.017932601364,25.274253345276435,4732.011420843858,94.46180017647211,2891.8560769242413
2024-08-09,Chichimene,46800.72383935811,44379.28041339346,29.813888335981805,3402.5796576014422,92.97442544299943,2467.0059877805315
2024-08-10,Rubiales,97622.5777609915,107628.95996925914,32.41454908697969,2903.2896196516476,91.85474072669646,2870.9918303988484
2024-08-11,Cupiagua,31027.399310171157,28420.928615456207,36.70606631260139,3829.8776765265084,98.97714073492436,2697.06074102562
2024-08-12,Cusiana,44196.080171973066,44489.38610811422,24.972795817727572,3300.2742467803346,97.82603622069107,2767.156986337397
2024-08-13,Chichimene,53745.438763968705,41422.82573674347,26.11597330002332,4750.712122360899,81.84444461298821,2997.81136272467
2024-08-14,Chichimene,45967.068311576695,34866.66948389287,38.68238782305671,5745.987868145502,108.88690324534987,2810.6533522675254
2024-08-15,Cusiana,35312.25530681023,32682.436474106424,37.68128019624805,3407.2312077841066,105.35923100722638,2623.019019147154
2024-08-16,Chichimene,50229.34691367638,18239.094661560743,19.220372358801015,4471.155990260507,75.93301728228886,3191.495125668407
2024-08-17,Cupiagua,33713.12583114985,36083.4298920749,50.74537779534946,3436.9563853118507,109.74824566640402,2594.10666950431
2024-08-18,Cusiana,39417.40621996473,25929.96024600669,23.654899060074204,4484.597541623563,95.92249980063393,2793.908488554535
2024-08-19,Cupiagua,38038.64567073449,32450.028867721183,26.879060273723105,4880.626767832941,93.72305304836651,3066.1238246709368
2024-08-20,Cupiagua,33946.344314008944,26577.541367387148,2.086031277367976,5364.498965753686,92.50141409639419,2960.772236616581
2024-08-21,Cupiagua,29505.177554849215,24715.49796541499,21.15853066500835,2401.685709372931,79.52262013053611,2708.6456975981446
2024-08-22,Cusiana,37562.34390660294,29468.637051863327,17.659253414352335,3399.935000646203,97.64388164799558,2716.859295032061
2024-08-23,Rubiales,86688.93363722209,84700.31093139514,12.240464630174134,3595.9947051493286,101.78469518385957,2726.0109275335867
2024-08-24,Cupiagua,25205.365601478232,19647.41468191126,48.5759545562902,4896.3259977087055,100.04865849561878,2988.465824873782
2024-08-25,Cupiagua,34678.641017298745,25592.891279938765,10.84024802049019,4299.24469474565,93.9940867659905,2828.9070454544462
2024-08-26,Cusiana,37110.96940947858,28022.780980201813,30.695897519788964,3486.0974602628185,83.50041366812441,2994.363489465663
2024-08-27,Cupiagua,40193.78444432706,29866.90076712527,45.52835192691994,4376.358017198726,111.00078730414396,2972.6396868649563
2024-08-28,Rubiales,97205.47338243251,71524.4847684083,12.088453262140881,4656.448096156442,91.99316697044966,3039.112499581875
2024-08-29,Cupiagua,36441.5069756787,30346.66271841438,34.14592935112696,3881.900579436083,90.71764335091619,2806.590448852569
2024-08-30,Chichimene,50117.664018729505,59978.119140917894,48.77652628339306,3844.578819373607,98.11743343172077,2816.211343111299
2024-08-31,Cupiagua,32778.41912404123,26167.36773299789,27.129489833859864,5364.207020262697,100.30132056522822,2756.6259924680053
2024-09-01,Cupiagua,36264.8511795119,36581.46981864164,32.255690182524766,4269.429835522495,94.23781603894264,2637.013171892909
2024-09-02,Rubiales,85873.08547485815,78758.9603903111,58.31232588047588,4419.011502245957,93.72258760472172,2832.652214836663
2024-09-03,Chichimene,47343.99558444765,37673.3813267944,30.429416525281034,4096.214909273293,92.26099049968869,2642.957086316729
2024-09-04,Chichimene,42250.464717258095,29954.391932908973,26.674619754602375,3086.5242543993318,96.01296530733975,2818.538431607001
2024-09-05,Cusiana,35101.86905845683,14219.946899880239,36.52126373757337,4374.524879785432,95.714304339681,2631.7440009764664
2024-09-06,Cupiagua,41921.77782822723,45437.26543644321,12.438267169137836,3502.077196689476,91.8314428844227,2669.8289512755105
2024-09-07,Cusiana,34492.06826719064,27327.796908317145,30.73225971766851,2965.143193246192,90.85689830001368,2761.6639099230615
2024-09-08,Rubiales,87385.71954537417,47978.058842723,25.220087493822586,4795.775857119512,96.35114720121337,3019.7211967557378
2024-09-09,Rubiales,85807.53259519694,66110.81820345264,24.16744282658732,4705.661799208875,92.66311915473709,2604.0191202185993
2024-09-10,Rubiales,94778.25228432032,82372.04566007026,25.717389581641793,2930.00826430722,92.89436819961894,2895.2121758054036
2024-09-11,Cupiagua,37321.98291560116,36507.92008073389,23.40989339094389,4947.923624739112,87.13643535605985,2966.5153632473703
2024-09-12,Cupiagua,34908.51883535141,28139.268201423587,19.782728842700163,3361.2196700495624,83.53151646380154,2796.04994327556
2024-09-13,Rubiales,88261.8697288245,64867.47747054903,31.58655132182993,6272.16108665987,88.30340353013499,2696.237823374128
2024-09-14,Cusiana,36000.715159056075,22874.098749736717,14.936359452711226,5109.064372316652,80.52032134744702,2812.9880949663357
2024-09-15,Rubiales,96122.99653626456,80369.3531993339,36.49048145914547,4736.1643643593425,102.4236881721486,2657.16049465288
2024-09-16,Cusiana,38695.02121300219,33887.672981735726,31.856618408226396,4772.5849875793665,97.38262601909513,3356.218460735386
2024-09-17,Cupiagua,34513.24569018019,34174.269196914276,36.30704545840321,4550.0919243367025,97.14409243959037,2646.1758255172554
2024-09-18,Cusiana,47693.00857065754,36854.80631282246,26.556824121902324,4441.876425752683,102.269230152654,2546.1844658121395
2024-09-19,Rubiales,99616.46312892652,72862.67691138218,22.33027034377186,3717.558992288187,79.63390741046454,3039.295920588612
2024-09-20,Chichimene,50874.05823638707,52432.00946969978,32.674378983360214,3496.912668389152,91.07044603147342,2863.1825107224154
2024-09-21,Chichimene,51288.86216785031,56168.607988076044,30.547534824171613,5201.143453004031,81.70326686096324,2540.876512480843
2024-09-22,Cupiagua,36794.15214009082,34698.97764531734,17.769004392121545,5142.010240369803,101.18320813488815,2458.198696575872
2024-09-23,Cupiagua,38578.71846377458,22902.748354442712,27.220161831470698,4185.838130341885,93.00623309964705,2770.872586463692
2024-09-24,Chichimene,42295.02031447729,46033.162681927766,17.798619217069742,4380.917397729431,89.941001446727,2481.7454207355536
2024-09-25,Chichimene,60172.971300097284,63211.43766350985,21.671037256088404,3567.412722238887,101.40446037854184,2516.4671964080985
2024-09-26,Cusiana,48724.7796332662,39163.62284456478,54.003773262788584,7979.485717599957,94.26995783244828,2979.1096733534832
2024-09-27,Chichimene,49041.24619834047,45834.32399716006,54.732363618155695,5210.904492904163,105.93833493330388,2938.1725444485064
2024-09-28,Rubiales,90052.5979522068,61191.117462777154,17.10043459171088,4976.06665025572,83.85990669957552,2905.7244374926945
2024-09-29,Rubiales,76439.12420503866,68291.56774518082,43.926817903045695,4118.89308048801,96.41812992564809,2849.8443086163556
2024-09-30,Rubiales,96039.63697152415,85686.6989430123,38.535084769718395,4199.404993897084,91.95021279340642,2799.2741042131934
2024-10-01,Cusiana,38850.820205731216,35897.6665160544,14.657213724268079,4457.846096881296,95.11865582839069,2888.6242556342477
2024-10-02,Cusiana,30328.10779783927,18421.314037412285,16.812316162596588,3032.7574887349087,105.45356539252441,2961.6410619865737
2024-10-03,Rubiales,80091.46781939891,67756.5575808149,1.9651236069947515,4157.7811042246985,89.08731443768427,3309.319913634785
2024-10-04,Chichimene,45065.27141521391,32853.707752932,24.829833062490252,4546.337314100983,92.16677413397441,2751.0402940738645
2024-10-05,Cusiana,38911.22736335299,37868.65202912201,30.35251581728463,5096.266782845635,89.54424052475412,3036.9877571492098
2024-10-06,Cupiagua,33170.731361153266,24545.73535140189,31.094566044907637,3915.293697880872,91.42306676300086,2881.7170795870834
2024-10-07,Cusiana,36312.07152168286,21443.456149874877,34.0795814002843,4244.326533831392,95.52803079094309,2836.3929060334067
2024-10-08,Cupiagua,37375.75891137209,36871.66389880411,34.63291558579508,4450.756514306458,88.07005391911116,2530.7683213188557
2024-10-09,Chichimene,47598.06051625968,44998.71203455792,21.029619177616624,3938.172503029004,86.97119310927856,2822.1180714918924
2024-10-10,Chichimene,51849.13867258776,52175.95632713106,12.556572876736373,4576.199831857168,86.63108600067956,2406.269659451211
2024-10-11,Chichimene,37225.22247350324,40140.119674961534,32.655737564805705,4741.003186068083,83.16003255987458,2879.0756369042465
2024-10-12,Cusiana,37202.98906108188,38182.01896311341,34.757625638846214,4885.803909622246,104.57230871077616,2445.4956510214993
